PRAGMA foreign_keys=OFF;
BEGIN TRANSACTION;
CREATE TABLE "schema_migrations" ("version" varchar(255) NOT NULL);
INSERT INTO "schema_migrations" VALUES('20130214181618');
INSERT INTO "schema_migrations" VALUES('20130214182858');
INSERT INTO "schema_migrations" VALUES('20130214183004');
INSERT INTO "schema_migrations" VALUES('20130214185604');
INSERT INTO "schema_migrations" VALUES('20130219194028');
INSERT INTO "schema_migrations" VALUES('20130221163145');
INSERT INTO "schema_migrations" VALUES('20130221181921');
INSERT INTO "schema_migrations" VALUES('20130221183510');
CREATE TABLE "users" ("id" INTEGER PRIMARY KEY AUTOINCREMENT NOT NULL, "email" varchar(255) DEFAULT '' NOT NULL, "encrypted_password" varchar(255) DEFAULT '' NOT NULL, "reset_password_token" varchar(255), "reset_password_sent_at" datetime, "remember_created_at" datetime, "sign_in_count" integer DEFAULT 0, "current_sign_in_at" datetime, "last_sign_in_at" datetime, "current_sign_in_ip" varchar(255), "last_sign_in_ip" varchar(255), "created_at" datetime NOT NULL, "updated_at" datetime NOT NULL, "name" varchar(255));
INSERT INTO "users" VALUES(1,'khardman51@gmail.com','$2a$10$wGN5igTHJG0sL7NCLhIXs.nRzvZfaFLbTm2kGTifcOiikl8sXw.iu',NULL,NULL,NULL,5,'2013-03-07 16:07:04.756411','2013-02-28 22:28:48.356643','127.0.0.1','127.0.0.1','2013-02-14 20:24:11.338137','2013-03-07 16:07:04.757406','Keyan Hardman');
INSERT INTO "users" VALUES(2,'keyanhardman@gmail.com','$2a$10$EL4ivB8ZN5N54VLC9atm0.9i7Lomqde5zYvpjMI1DL0/.8LCKnQ2e',NULL,NULL,NULL,1,'2013-02-28 21:00:01.905103','2013-02-28 21:00:01.905103','127.0.0.1','127.0.0.1','2013-02-28 21:00:01.901355','2013-02-28 21:00:01.905523','khardman');
CREATE TABLE "roles" ("id" INTEGER PRIMARY KEY AUTOINCREMENT NOT NULL, "name" varchar(255), "resource_id" integer, "resource_type" varchar(255), "created_at" datetime NOT NULL, "updated_at" datetime NOT NULL);
CREATE TABLE "users_roles" ("user_id" integer, "role_id" integer);
CREATE TABLE "encounters" ("id" INTEGER PRIMARY KEY AUTOINCREMENT NOT NULL, "name" varchar(255), "date" datetime, "created_at" datetime NOT NULL, "updated_at" datetime NOT NULL);
INSERT INTO "encounters" VALUES(1,'Person','2013-02-14 20:25:00.000000','2013-02-14 20:25:49.727071','2013-02-28 18:28:06.885836');
INSERT INTO "encounters" VALUES(2,'John Doe',NULL,'2013-02-20 00:05:32.368458','2013-03-13 15:59:48.750789');
INSERT INTO "encounters" VALUES(6,'Guy ',NULL,'2013-02-28 21:35:13.878644','2013-02-28 21:35:13.878644');
INSERT INTO "encounters" VALUES(7,'meeting anand',NULL,'2013-02-28 21:37:15.697573','2013-03-06 05:34:32.527692');
INSERT INTO "encounters" VALUES(8,'Person',NULL,'2013-02-28 21:43:08.706937','2013-02-28 21:43:08.706937');
INSERT INTO "encounters" VALUES(9,'Encounter',NULL,'2013-03-07 16:36:39.122062','2013-03-07 16:36:39.122062');
INSERT INTO "encounters" VALUES(10,'Test Again',NULL,'2013-03-07 18:15:23.888354','2013-03-07 18:15:23.888354');
CREATE TABLE "notes" ("id" INTEGER PRIMARY KEY AUTOINCREMENT NOT NULL, "created_at" datetime NOT NULL, "updated_at" datetime NOT NULL, "encounter_id" integer, "text" text);
INSERT INTO "notes" VALUES(2,'2013-02-21 21:01:45.023270','2013-02-21 21:01:45.023270',NULL,'adfs');
INSERT INTO "notes" VALUES(3,'2013-02-21 21:02:50.331587','2013-02-21 21:02:50.331587',NULL,'adfs');
INSERT INTO "notes" VALUES(4,'2013-02-21 21:03:47.701463','2013-02-21 21:03:47.701463',NULL,'adfsasd');
INSERT INTO "notes" VALUES(5,'2013-02-21 21:03:58.119169','2013-02-21 21:03:58.119169',0,'adsf');
INSERT INTO "notes" VALUES(6,'2013-02-21 21:05:31.519706','2013-02-21 21:05:58.872503',0,'adsfasdfasdasdfa');
INSERT INTO "notes" VALUES(7,'2013-02-21 21:06:13.230115','2013-02-21 21:06:13.230115',0,'this note');
INSERT INTO "notes" VALUES(8,'2013-02-21 21:11:05.332360','2013-02-21 21:11:05.332360',0,'hello');
INSERT INTO "notes" VALUES(16,'2013-02-28 17:14:18.019649','2013-02-28 17:14:18.019649',1,'f');
INSERT INTO "notes" VALUES(17,'2013-02-28 20:27:25.454877','2013-02-28 20:27:25.454877',1,'123');
INSERT INTO "notes" VALUES(18,'2013-02-28 21:34:28.466543','2013-02-28 21:34:28.466543',2,'123');
INSERT INTO "notes" VALUES(19,'2013-02-28 21:34:35.774398','2013-02-28 21:34:35.774398',2,'needs more notes');
INSERT INTO "notes" VALUES(20,'2013-02-28 21:35:28.697020','2013-02-28 21:35:28.697020',6,'notes');
INSERT INTO "notes" VALUES(21,'2013-02-28 21:37:44.559520','2013-02-28 21:37:44.559520',7,'met about xyz project, need more details on pdq, see E about z etc');
INSERT INTO "notes" VALUES(22,'2013-02-28 21:38:15.434119','2013-02-28 21:38:15.434119',7,'sdfsdfdfsdf');
INSERT INTO "notes" VALUES(23,'2013-02-28 21:39:11.355191','2013-02-28 21:39:11.355191',2,'k;ajdf;kajsdf');
INSERT INTO "notes" VALUES(24,'2013-02-28 21:42:53.403556','2013-02-28 21:42:53.403556',NULL,'123');
INSERT INTO "notes" VALUES(25,'2013-02-28 22:29:17.662318','2013-02-28 22:29:17.662318',1,'eric''s tits');
INSERT INTO "notes" VALUES(26,'2013-03-06 04:43:21.538261','2013-03-06 04:43:21.538261',8,'12');
INSERT INTO "notes" VALUES(28,'2013-03-07 16:36:44.959099','2013-03-07 16:36:44.959099',9,'first notes');
CREATE TABLE "tags" ("id" INTEGER PRIMARY KEY AUTOINCREMENT NOT NULL, "name" varchar(255));
INSERT INTO "tags" VALUES(1,'tag1');
INSERT INTO "tags" VALUES(2,'tag2');
INSERT INTO "tags" VALUES(3,'tag3');
INSERT INTO "tags" VALUES(4,'person that''s cool');
INSERT INTO "tags" VALUES(5,'design');
INSERT INTO "tags" VALUES(6,'golf');
INSERT INTO "tags" VALUES(7,'startups');
INSERT INTO "tags" VALUES(8,'wakeup');
INSERT INTO "tags" VALUES(9,'Man');
INSERT INTO "tags" VALUES(10,'lots');
INSERT INTO "tags" VALUES(11,'more');
INSERT INTO "tags" VALUES(12,'tags');
INSERT INTO "tags" VALUES(13,'need');
INSERT INTO "tags" VALUES(14,'a');
INSERT INTO "tags" VALUES(15,'ton');
INSERT INTO "tags" VALUES(16,'of');
INSERT INTO "tags" VALUES(17,'more tags');
INSERT INTO "tags" VALUES(18,'looooooong tag');
INSERT INTO "tags" VALUES(19,'another long tag');
CREATE TABLE "taggings" ("id" INTEGER PRIMARY KEY AUTOINCREMENT NOT NULL, "tag_id" integer, "taggable_id" integer, "taggable_type" varchar(255), "tagger_id" integer, "tagger_type" varchar(255), "context" varchar(128), "created_at" datetime);
INSERT INTO "taggings" VALUES(8,1,1,'Encounter',NULL,NULL,'tags','2013-02-28 18:28:07.089360');
INSERT INTO "taggings" VALUES(9,2,1,'Encounter',NULL,NULL,'tags','2013-02-28 18:28:07.093089');
INSERT INTO "taggings" VALUES(10,3,1,'Encounter',NULL,NULL,'tags','2013-02-28 18:28:07.095614');
INSERT INTO "taggings" VALUES(12,1,6,'Encounter',NULL,NULL,'tags','2013-02-28 21:35:13.883724');
INSERT INTO "taggings" VALUES(13,2,6,'Encounter',NULL,NULL,'tags','2013-02-28 21:35:13.885688');
INSERT INTO "taggings" VALUES(14,5,7,'Encounter',NULL,NULL,'tags','2013-02-28 21:37:15.706856');
INSERT INTO "taggings" VALUES(15,6,7,'Encounter',NULL,NULL,'tags','2013-02-28 21:37:15.709402');
INSERT INTO "taggings" VALUES(16,7,7,'Encounter',NULL,NULL,'tags','2013-02-28 21:37:15.711572');
INSERT INTO "taggings" VALUES(17,8,7,'Encounter',NULL,NULL,'tags','2013-02-28 21:37:15.713639');
INSERT INTO "taggings" VALUES(18,9,8,'Encounter',NULL,NULL,'tags','2013-02-28 21:43:08.712847');
INSERT INTO "taggings" VALUES(19,1,7,'Encounter',NULL,NULL,'tags','2013-03-06 05:34:33.402016');
INSERT INTO "taggings" VALUES(20,1,9,'Encounter',NULL,NULL,'tags','2013-03-07 16:36:39.340787');
INSERT INTO "taggings" VALUES(21,2,9,'Encounter',NULL,NULL,'tags','2013-03-07 16:36:39.342822');
INSERT INTO "taggings" VALUES(22,3,9,'Encounter',NULL,NULL,'tags','2013-03-07 16:36:39.344042');
INSERT INTO "taggings" VALUES(23,10,2,'Encounter',NULL,NULL,'tags','2013-03-13 15:59:39.571016');
INSERT INTO "taggings" VALUES(24,11,2,'Encounter',NULL,NULL,'tags','2013-03-13 15:59:39.573040');
INSERT INTO "taggings" VALUES(25,12,2,'Encounter',NULL,NULL,'tags','2013-03-13 15:59:39.574460');
INSERT INTO "taggings" VALUES(26,13,2,'Encounter',NULL,NULL,'tags','2013-03-13 15:59:39.575741');
INSERT INTO "taggings" VALUES(27,14,2,'Encounter',NULL,NULL,'tags','2013-03-13 15:59:39.576859');
INSERT INTO "taggings" VALUES(28,15,2,'Encounter',NULL,NULL,'tags','2013-03-13 15:59:39.578040');
INSERT INTO "taggings" VALUES(29,16,2,'Encounter',NULL,NULL,'tags','2013-03-13 15:59:39.579154');
INSERT INTO "taggings" VALUES(30,17,2,'Encounter',NULL,NULL,'tags','2013-03-13 15:59:39.580297');
INSERT INTO "taggings" VALUES(31,18,2,'Encounter',NULL,NULL,'tags','2013-03-13 15:59:39.581443');
INSERT INTO "taggings" VALUES(32,19,2,'Encounter',NULL,NULL,'tags','2013-03-13 15:59:48.757579');
DELETE FROM sqlite_sequence;
INSERT INTO "sqlite_sequence" VALUES('users',2);
INSERT INTO "sqlite_sequence" VALUES('encounters',10);
INSERT INTO "sqlite_sequence" VALUES('notes',28);
INSERT INTO "sqlite_sequence" VALUES('tags',19);
INSERT INTO "sqlite_sequence" VALUES('taggings',32);
CREATE UNIQUE INDEX "unique_schema_migrations" ON "schema_migrations" ("version");
CREATE UNIQUE INDEX "index_users_on_email" ON "users" ("email");
CREATE UNIQUE INDEX "index_users_on_reset_password_token" ON "users" ("reset_password_token");
CREATE INDEX "index_roles_on_name" ON "roles" ("name");
CREATE INDEX "index_roles_on_name_and_resource_type_and_resource_id" ON "roles" ("name", "resource_type", "resource_id");
CREATE INDEX "index_users_roles_on_user_id_and_role_id" ON "users_roles" ("user_id", "role_id");
CREATE INDEX "index_taggings_on_tag_id" ON "taggings" ("tag_id");
CREATE INDEX "index_taggings_on_taggable_id_and_taggable_type_and_context" ON "taggings" ("taggable_id", "taggable_type", "context");
CREATE INDEX "index_notes_on_encounter_id" ON "notes" ("encounter_id");
COMMIT;
